<?xml version="1.0" encoding="UTF-8"?>
<configurationDescriptor version="100">
  <logicalFolder name="root" displayName="root" projectFiles="true" kind="ROOT">
    <logicalFolder name="HeaderFiles"
                   displayName="Header Files"
                   projectFiles="true">
      <itemPath>include/Kmer.h</itemPath>
      <itemPath>include/KmerCounter.h</itemPath>
      <itemPath>include/KmerFreq.h</itemPath>
      <itemPath>include/Profile.h</itemPath>
    </logicalFolder>
    <logicalFolder name="ResourceFiles"
                   displayName="Resource Files"
                   projectFiles="true">
    </logicalFolder>
    <logicalFolder name="SourceFiles"
                   displayName="Source Files"
                   projectFiles="true">
      <itemPath>src/Kmer.cpp</itemPath>
      <itemPath>src/KmerCounter.cpp</itemPath>
      <itemPath>src/KmerFreq.cpp</itemPath>
      <itemPath>src/Profile.cpp</itemPath>
      <itemPath>src/metamain.cpp</itemPath>
    </logicalFolder>
    <logicalFolder name="TestFiles"
                   displayName="Test Files"
                   projectFiles="false"
                   kind="TEST_LOGICAL_FOLDER">
    </logicalFolder>
    <logicalFolder name="ExternalFiles"
                   displayName="Important Files"
                   projectFiles="false"
                   kind="IMPORTANT_FILES_FOLDER">
      <itemPath>Makefile</itemPath>
    </logicalFolder>
  </logicalFolder>
  <projectmakefile>Makefile</projectmakefile>
  <confs>
    <conf name="Debug" type="1">
      <toolsSet>
        <compilerSet>default</compilerSet>
        <dependencyChecking>true</dependencyChecking>
        <rebuildPropChanged>false</rebuildPropChanged>
      </toolsSet>
      <compileType>
        <ccTool>
          <incDir>
            <pElem>include</pElem>
          </incDir>
          <commandLine>-Wall -pedantic</commandLine>
        </ccTool>
      </compileType>
      <item path="include/Kmer.h" ex="false" tool="3" flavor2="0">
      </item>
      <item path="include/KmerCounter.h" ex="false" tool="3" flavor2="0">
      </item>
      <item path="include/KmerFreq.h" ex="false" tool="3" flavor2="0">
      </item>
      <item path="include/Profile.h" ex="false" tool="3" flavor2="0">
      </item>
      <item path="src/Kmer.cpp" ex="false" tool="1" flavor2="0">
      </item>
      <item path="src/KmerCounter.cpp" ex="false" tool="1" flavor2="0">
      </item>
      <item path="src/KmerFreq.cpp" ex="false" tool="1" flavor2="0">
      </item>
      <item path="src/Profile.cpp" ex="false" tool="1" flavor2="0">
      </item>
      <item path="src/metamain.cpp" ex="false" tool="1" flavor2="0">
      </item>
    </conf>
    <conf name="Release" type="1">
      <toolsSet>
        <compilerSet>default</compilerSet>
        <dependencyChecking>true</dependencyChecking>
        <rebuildPropChanged>false</rebuildPropChanged>
      </toolsSet>
      <compileType>
        <cTool>
          <developmentMode>5</developmentMode>
        </cTool>
        <ccTool>
          <developmentMode>5</developmentMode>
        </ccTool>
        <fortranCompilerTool>
          <developmentMode>5</developmentMode>
        </fortranCompilerTool>
        <asmTool>
          <developmentMode>5</developmentMode>
        </asmTool>
      </compileType>
      <item path="include/Kmer.h" ex="false" tool="3" flavor2="0">
      </item>
      <item path="include/KmerCounter.h" ex="false" tool="3" flavor2="0">
      </item>
      <item path="include/KmerFreq.h" ex="false" tool="3" flavor2="0">
      </item>
      <item path="include/Profile.h" ex="false" tool="3" flavor2="0">
      </item>
      <item path="src/Kmer.cpp" ex="false" tool="1" flavor2="0">
      </item>
      <item path="src/KmerCounter.cpp" ex="false" tool="1" flavor2="0">
      </item>
      <item path="src/KmerFreq.cpp" ex="false" tool="1" flavor2="0">
      </item>
      <item path="src/Profile.cpp" ex="false" tool="1" flavor2="0">
      </item>
      <item path="src/metamain.cpp" ex="false" tool="1" flavor2="0">
      </item>
    </conf>
    <conf name="LEARN" type="1">
      <toolsSet>
        <compilerSet>default</compilerSet>
        <dependencyChecking>true</dependencyChecking>
        <rebuildPropChanged>false</rebuildPropChanged>
      </toolsSet>
      <compileType>
        <ccTool>
          <standard>11</standard>
          <incDir>
            <pElem>include</pElem>
          </incDir>
          <commandLine>-D LEARN -Wall -pedantic</commandLine>
        </ccTool>
        <linkerTool>
          <output>${CND_DISTDIR}/${CND_CONF}/${CND_PLATFORM}/${CND_CONF}</output>
        </linkerTool>
      </compileType>
      <item path="include/Kmer.h" ex="false" tool="3" flavor2="0">
      </item>
      <item path="include/KmerCounter.h" ex="false" tool="3" flavor2="0">
      </item>
      <item path="include/KmerFreq.h" ex="false" tool="3" flavor2="0">
      </item>
      <item path="include/Profile.h" ex="false" tool="3" flavor2="0">
      </item>
      <item path="src/Kmer.cpp" ex="false" tool="1" flavor2="9">
      </item>
      <item path="src/KmerCounter.cpp" ex="false" tool="1" flavor2="9">
      </item>
      <item path="src/KmerFreq.cpp" ex="false" tool="1" flavor2="9">
      </item>
      <item path="src/Profile.cpp" ex="false" tool="1" flavor2="9">
      </item>
      <item path="src/metamain.cpp" ex="false" tool="1" flavor2="0">
      </item>
    </conf>
    <conf name="CLASSIFY" type="1">
      <toolsSet>
        <compilerSet>default</compilerSet>
        <dependencyChecking>true</dependencyChecking>
        <rebuildPropChanged>false</rebuildPropChanged>
      </toolsSet>
      <compileType>
        <ccTool>
          <standard>11</standard>
          <incDir>
            <pElem>include</pElem>
          </incDir>
          <commandLine>-D CLASSIFY -Wall -pedantic</commandLine>
        </ccTool>
        <linkerTool>
          <output>${CND_DISTDIR}/${CND_CONF}/${CND_PLATFORM}/${CND_CONF}</output>
        </linkerTool>
      </compileType>
      <item path="include/Kmer.h" ex="false" tool="3" flavor2="0">
      </item>
      <item path="include/KmerCounter.h" ex="false" tool="3" flavor2="0">
      </item>
      <item path="include/KmerFreq.h" ex="false" tool="3" flavor2="0">
      </item>
      <item path="include/Profile.h" ex="false" tool="3" flavor2="0">
      </item>
      <item path="src/Kmer.cpp" ex="false" tool="1" flavor2="0">
      </item>
      <item path="src/KmerCounter.cpp" ex="false" tool="1" flavor2="0">
      </item>
      <item path="src/KmerFreq.cpp" ex="false" tool="1" flavor2="0">
      </item>
      <item path="src/Profile.cpp" ex="false" tool="1" flavor2="0">
      </item>
      <item path="src/metamain.cpp" ex="false" tool="1" flavor2="0">
      </item>
    </conf>
  </confs>
</configurationDescriptor>
